File,Copyrights,License
src/apu.cpp,,Unknown/None
src/apu.h,,Unknown/None
src/archived/fceux-server/md5.cpp,,GPLv2+
src/archived/fceux-server/md5.h,,GPLv2+
src/archived/fceux-server/server.cpp,Copyright (C) 2004 Xodnizel,GPLv2+
src/archived/fceux-server/throttle.cpp,Copyright (C) 2004 Xodnizel,GPLv2+
src/archived/fceux-server/throttle.h,Copyright (C) 2004 Xodnizel,GPLv2+
src/archived/fceux-server/types.h,Copyright (C) 2004 Xodnizel,GPLv2+
src/archived/fir/c44100ntsc.h,,Unknown/None
src/archived/fir/c44100pal.h,,Unknown/None
src/archived/fir/c48000ntsc.h,,Unknown/None
src/archived/fir/c48000pal.h,,Unknown/None
src/archived/fir/c96000ntsc.h,,Unknown/None
src/archived/fir/c96000pal.h,,Unknown/None
src/archived/fir/toh.c,,Unknown/None
src/asm.cpp,,Unknown/None
src/asm.h,,Unknown/None
src/boards/01-222.cpp,Copyright (C) 2006 CaH4e3,GPLv2+
src/boards/09-034a.cpp,Copyright (C) 2007 CaH4e3,GPLv2+
src/boards/103.cpp,Copyright (C) 2007 CaH4e3,GPLv2+
src/boards/106.cpp,Copyright (C) 2007 CaH4e3,GPLv2+
src/boards/108.cpp,Copyright (C) 2007 CaH4e3,GPLv2+
src/boards/112.cpp,Copyright (C) 2005 CaH4e3,GPLv2+
src/boards/116.cpp,Copyright (C) 2011 CaH4e3,GPLv2+
src/boards/117.cpp,Copyright (C) 2002 Xodnizel,GPLv2+
src/boards/120.cpp,Copyright (C) 2007 CaH4e3,GPLv2+
src/boards/121.cpp,"Copyright (C) 2007-2008 Mad Dumper, CaH4e3",GPLv2+
src/boards/12in1.cpp,Copyright (C) 2009 CaH4e3,GPLv2+
src/boards/15.cpp,Copyright (C) 2006 CaH4e3,GPLv2+
src/boards/151.cpp,Copyright (C) 2012 CaH4e3,GPLv2+
src/boards/156.cpp,Copyright (C) 2009 CaH4e3,GPLv2+
src/boards/158B.cpp,Copyright (C) 2015 CaH4e3,GPLv2+
src/boards/164.cpp,Copyright (C) 2002 Xodnizel 2006 CaH4e3,GPLv2+
src/boards/168.cpp,Copyright (C) 2009 CaH4e3,GPLv2+
src/boards/170.cpp,Copyright (C) 2011 CaH4e3,GPLv2+
src/boards/175.cpp,Copyright (C) 2007 CaH4e3,GPLv2+
src/boards/176.cpp,Copyright (C) 2007 CaH4e3; Copyright (C) 2012 FCEUX team,GPLv2+
src/boards/177.cpp,Copyright (C) 2007 CaH4e3,GPLv2+
src/boards/178.cpp,Copyright (C) 2013 CaH4e3,GPLv2+
src/boards/18.cpp,Copyright (C) 2012 CaH4e3,GPLv2+
src/boards/183.cpp,Copyright (C) 2005 CaH4e3,GPLv2+
src/boards/185.cpp,Copyright (C) 2005 CaH4e3,GPLv2+
src/boards/186.cpp,Copyright (C) 2005 CaH4e3,GPLv2+
src/boards/187.cpp,Copyright (C) 2005 CaH4e3,GPLv2+
src/boards/189.cpp,Copyright (C) 2005 CaH4e3,GPLv2+
src/boards/190.cpp,Copyright (C) 2017 FCEUX Team,GPLv2+
src/boards/193.cpp,Copyright (C) 2009 CaH4e3,GPLv2+
src/boards/199.cpp,Copyright (C) 2006 CaH4e3,GPLv2+
src/boards/206.cpp,Copyright (C) 2002 Xodnizel,GPLv2+
src/boards/208.cpp,Copyright (C) 2005 CaH4e3,GPLv2+
src/boards/222.cpp,Copyright (C) 2005 CaH4e3,GPLv2+
src/boards/225.cpp,Copyright (C) 2011 CaH4e3; Copyright (C) 2019 Libretro Team; Copyright (C) 2020,GPLv2+
src/boards/228.cpp,Copyright (C) 2012 CaH4e3,GPLv2+
src/boards/230.cpp,Copyright (C) 2005 CaH4e3; Copyright (C) 2009 qeed,GPLv2+
src/boards/232.cpp,Copyright (C) 2012 CaH4e3,GPLv2+
src/boards/234.cpp,Copyright (C) 2012 CaH4e3,GPLv2+
src/boards/235.cpp,Copyright (C) 2005 CaH4e3,GPLv2+
src/boards/244.cpp,Copyright (C) 2012 CaH4e3,GPLv2+
src/boards/246.cpp,Copyright (C) 2012 CaH4e3,GPLv2+
src/boards/252.cpp,Copyright (C) 2009 CaH4e3,GPLv2+
src/boards/253.cpp,Copyright (C) 2009 CaH4e3,GPLv2+
src/boards/28.cpp,Copyright (C) 2012-2017 FCEUX team,GPLv2+
src/boards/32.cpp,Copyright (C) 2012 CaH4e3,GPLv2+
src/boards/33.cpp,Copyright (C) 2012 CaH4e3,GPLv2+
src/boards/34.cpp,Copyright (C) 2012 CaH4e3,GPLv2+
src/boards/354.cpp,Copyright (C) 2022,GPLv2+
src/boards/36.cpp,Copyright (C) 2012 CaH4e3,GPLv2+
src/boards/3d-block.cpp,Copyright (C) 2007 CaH4e3,GPLv2+
src/boards/40.cpp,Copyright (C) 2012 CaH4e3; Copyright (C) 2002 Xodnizel,GPLv2+
src/boards/41.cpp,Copyright (C) 2012 CaH4e3,GPLv2+
src/boards/411120-c.cpp,Copyright (C) 2008 CaH4e3,GPLv2+
src/boards/42.cpp,Copyright (C) 2012 CaH4e3; Copyright (C) 2002 Xodnizel,GPLv2+
src/boards/43.cpp,Copyright (C) 2006 CaH4e3,GPLv2+
src/boards/46.cpp,Copyright (C) 2012 CaH4e3,GPLv2+
src/boards/50.cpp,Copyright (C) 2012 CaH4e3; Copyright (C) 2002 Xodnizel,GPLv2+
src/boards/51.cpp,Copyright (C) 2012 CaH4e3,GPLv2+
src/boards/57.cpp,Copyright (C) 2005 CaH4e3,GPLv2+
src/boards/603-5052.cpp,Copyright (C) 2005 CaH4e3,GPLv2+
src/boards/62.cpp,Copyright (C) 2012 CaH4e3,GPLv2+
src/boards/65.cpp,Copyright (C) 2012 CaH4e3; Copyright (C) 2002 Xodnizel,GPLv2+
src/boards/67.cpp,Copyright (C) 2012 CaH4e3; Copyright (C) 2002 Xodnizel,GPLv2+
src/boards/68.cpp,Copyright (C) 2006 CaH4e3,GPLv2+
src/boards/69.cpp,Copyright (C) 2012 CaH4e3; Copyright (C) 2002 Xodnizel,GPLv2+
src/boards/71.cpp,Copyright (C) 2012 CaH4e3,GPLv2+
src/boards/72.cpp,Copyright (C) 2012 CaH4e3,GPLv2+
src/boards/77.cpp,Copyright (C) 2012 CaH4e3,GPLv2+
src/boards/79.cpp,Copyright (C) 2012 CaH4e3; Copyright (C) 2002 Xodnizel,GPLv2+
src/boards/80.cpp,Copyright (C) 2012 CaH4e3; Copyright (C) 2002 Xodnizel,GPLv2+
src/boards/80013-B.cpp,Copyright (C) 2017 CaH4e3,GPLv2+
src/boards/8157.cpp,Copyright (C) 2005 CaH4e3,GPLv2+
src/boards/82.cpp,Copyright (C) 2012 CaH4e3,GPLv2+
src/boards/8237.cpp,Copyright (C) 2011 CaH4e3,GPLv2+
src/boards/830118C.cpp,Copyright (C) 2008 CaH4e3,GPLv2+
src/boards/88.cpp,Copyright (C) 2005 CaH4e3,GPLv2+
src/boards/8in1.cpp,Copyright (C) 2016 CaH4e3,GPLv2+
src/boards/90.cpp,Copyright (C) 2002 Xodnizel; Copyright (C) 2005 CaH4e3,GPLv2+
src/boards/91.cpp,Copyright (C) 2012 CaH4e3,GPLv2+
src/boards/96.cpp,Copyright (C) 1998 BERO; Copyright (C) 2002 Xodnizel; Copyright (C) 2012 CaH4e3,GPLv2+
src/boards/99.cpp,Copyright (C) 2012 CaH4e3,GPLv2+
src/boards/BMW8544.cpp,Copyright (C) 2015 CaH4e3,GPLv2+
src/boards/F-15.cpp,Copyright (C) 2015 CaH4e3,GPLv2+
src/boards/__dummy_mapper.cpp,Copyright (C) 2013 CaH4e3,GPLv2+
src/boards/_cart_helpers.cpp,,Unknown/None
src/boards/_cart_helpers.h,,Unknown/None
src/boards/a9746.cpp,Copyright (C) 2007 CaH4e3,GPLv2+
src/boards/ac-08.cpp,Copyright (C) 2011 CaH4e3,GPLv2+
src/boards/addrlatch.cpp,Copyright (C) 2006 CaH4e3,GPLv2+
src/boards/ax5705.cpp,Copyright (C) 2007 CaH4e3,GPLv2+
src/boards/bandai.cpp,Copyright (C) 2007 CaH4e3; Copyright (C) 2011 FCEUX team,GPLv2+
src/boards/bb.cpp,Copyright (C) 2007 CaH4e3,GPLv2+
src/boards/bmc13in1jy110.cpp,Copyright (C) 2005 CaH4e3,GPLv2+
src/boards/bmc42in1r.cpp,Copyright (C) 2005 CaH4e3; Copyright (C) 2009 qeed,GPLv2+
src/boards/bmc64in1nr.cpp,Copyright (C) 2005 CaH4e3,GPLv2+
src/boards/bmc70in1.cpp,Copyright (C) 2005 CaH4e3,GPLv2+
src/boards/bonza.cpp,Copyright (C) 2002 CaH4e3,GPLv2+
src/boards/bs-5.cpp,Copyright (C) 2007 CaH4e3,GPLv2+
src/boards/bs4xxxr.cpp,Copyright (C) 2020 CaH4e3,GPLv2+
src/boards/cheapocabra.cpp,Copyright (C) 2002 Xodnizel,GPLv2+
src/boards/cityfighter.cpp,Copyright (C) 2007 CaH4e3,GPLv2+
src/boards/coolboy.cpp,"Copyright (C) 2018 CaH4e3, Cluster",GPLv2+
src/boards/coolgirl.cpp,Copyright (C) 2022 Cluster,GPLv2+
src/boards/dance2000.cpp,Copyright (C) 2007 CaH4e3,GPLv2+
src/boards/datalatch.cpp,Copyright (C) 2002 Xodnizel,GPLv2+
src/boards/datalatch_carts.h,,Unknown/None
src/boards/dream.cpp,Copyright (C) 2005 CaH4e3,GPLv2+
src/boards/edu2000.cpp,Copyright (C) 2006 CaH4e3,GPLv2+
src/boards/eh8813a.cpp,Copyright (C) 2015 CaH4e3,GPLv2+
src/boards/emu2413.c,,Unknown/None
src/boards/emu2413.h,,Unknown/None
src/boards/et-100.cpp,Copyright (C) 2015 Cluster,GPLv2+
src/boards/et-4320.cpp,Copyright (C) 2016 Cluster,GPLv2+
src/boards/famicombox.cpp,Copyright (C) 2009 CaH4e3,GPLv2+
src/boards/ffe.cpp,Copyright (C) 2012 CaH4e3,GPLv2+
src/boards/fk23c.cpp,Copyright (C) 2006 CaH4e3,GPLv2+
src/boards/fns.cpp,Copyright (C) 1998 BERO; Copyright (C) 2002 Xodnizel; Copyright (C) 2020 CaH4e3,GPLv2+
src/boards/ghostbusters63in1.cpp,Copyright (C) 2007 CaH4e3,GPLv2+
src/boards/gs-2004.cpp,Copyright (C) 2007 CaH4e3,GPLv2+
src/boards/gs-2013.cpp,Copyright (C) 2007 CaH4e3,GPLv2+
src/boards/h2288.cpp,Copyright (C) 2005 CaH4e3,GPLv2+
src/boards/hp10xx_hp20xx.cpp,Copyright (C) 2017 CaH4e3,GPLv2+
src/boards/hp898f.cpp,Copyright (C) 2015 CaH4e3,GPLv2+
src/boards/inlnsf.cpp,Copyright (C) 2002 Xodnizel,GPLv2+
src/boards/inx007t.cpp,Copyright (C) 2022 Cluster,GPLv2+
src/boards/irem_txc_bit_carts.h,,Unknown/None
src/boards/karaoke.cpp,Copyright (C) 2002 Xodnizel,GPLv2+
src/boards/kof97.cpp,Copyright (C) 2005 CaH4e3,GPLv2+
src/boards/ks7010.cpp,Copyright (C) 2007 CaH4e3,GPLv2+
src/boards/ks7012.cpp,Copyright (C) 2007 CaH4e3,GPLv2+
src/boards/ks7013.cpp,Copyright (C) 2011 CaH4e3,GPLv2+
src/boards/ks7016.cpp,Copyright (C) 2016 CaH4e3,GPLv2+
src/boards/ks7017.cpp,Copyright (C) 2007 CaH4e3,GPLv2+
src/boards/ks7030.cpp,Copyright (C) 2007 CaH4e3,GPLv2+
src/boards/ks7031.cpp,Copyright (C) 2012 CaH4e3,GPLv2+
src/boards/ks7032.cpp,Copyright (C) 2007 CaH4e3,GPLv2+
src/boards/ks7037.cpp,Copyright (C) 2011 CaH4e3,GPLv2+
src/boards/ks7057.cpp,Copyright (C) 2011 CaH4e3,GPLv2+
src/boards/le05.cpp,Copyright (C) 2011 CaH4e3,GPLv2+
src/boards/legacy_expansion_audio.h,,Unknown/None
src/boards/lh32.cpp,Copyright (C) 2007 CaH4e3,GPLv2+
src/boards/lh53.cpp,Copyright (C) 2007 CaH4e3,GPLv2+
src/boards/malee.cpp,Copyright (C) 2002 Xodnizel,GPLv2+
src/boards/mapinc_audio.h,,Unknown/None
src/boards/mapinc_base.h,,Unknown/None
src/boards/mapinc_bus.h,,Unknown/None
src/boards/mapinc_mmc3.h,,Unknown/None
src/boards/mapinc_state.h,,Unknown/None
src/boards/mapper_strategy_a.h,,Unknown/None
src/boards/mihunche.cpp,Copyright (C) 2013 CaH4e3,GPLv2+
src/boards/mmc1.cpp,Copyright (C) 1998 BERO; Copyright (C) 2002 Xodnizel,GPLv2+
src/boards/mmc1_cart.h,,Unknown/None
src/boards/mmc2and4.cpp,Copyright (C) 2012 CaH4e3; Copyright (C) 2002 Xodnizel,GPLv2+
src/boards/mmc3.cpp,Copyright (C) 1998 BERO; Copyright (C) 2003 Xodnizel; Copyright (C) 2003 CaH4e3,GPLv2+
src/boards/mmc3.h,,Unknown/None
src/boards/mmc3_base_cart.cpp,,Unknown/None
src/boards/mmc3_base_cart.h,,Unknown/None
src/boards/mmc3_cart.h,,Unknown/None
src/boards/mmc3_variants_carts.h,,Unknown/None
src/boards/mmc5.cpp,Copyright (C) 2002 Xodnizel,GPLv2+
src/boards/n106.cpp,Copyright (C) 2002 Xodnizel,GPLv2+
src/boards/n625092.cpp,Copyright (C) 2006 CaH4e3,GPLv2+
src/boards/novel.cpp,Copyright (C) 2002 Xodnizel,GPLv2+
src/boards/nrom_cart.h,,Unknown/None
src/boards/onebus.cpp,Copyright (C) 2007-2010 CaH4e3,GPLv2+
src/boards/pec-586.cpp,Copyright (C) 2009 CaH4e3,GPLv2+
src/boards/registry.cpp,,Unknown/None
src/boards/registry.h,,Unknown/None
src/boards/rt-01.cpp,Copyright (C) 2016 CaH4e3,GPLv2+
src/boards/sa-9602b.cpp,Copyright (C) 2012 CaH4e3,GPLv2+
src/boards/sachen.cpp,Copyright (C) 2002 Xodnizel,GPLv2+
src/boards/sb-2000.cpp,Copyright (C) 2014 CaH4e3,GPLv2+
src/boards/sc-127.cpp,Copyright (C) 2009 CaH4e3,GPLv2+
src/boards/sheroes.cpp,Copyright (C) 2006 CaH4e3,GPLv2+
src/boards/simple_carts.h,,Unknown/None
src/boards/sl1632.cpp,Copyright (C) 2005 CaH4e3,GPLv2+
src/boards/smb2j_carts.h,,Unknown/None
src/boards/subor.cpp,Copyright (C) 2005 CaH4e3,GPLv2+
src/boards/super24.cpp,Copyright (C) 2005 CaH4e3,GPLv2+
src/boards/supervision.cpp,Copyright (C) 2002 Xodnizel,GPLv2+
src/boards/t-227-1.cpp,Copyright (C) 2008 CaH4e3,GPLv2+
src/boards/t-262.cpp,Copyright (C) 2006 CaH4e3,GPLv2+
src/boards/tengen.cpp,Copyright (C) 2002 Xodnizel,GPLv2+
src/boards/tf-1201.cpp,Copyright (C) 2005 CaH4e3,GPLv2+
src/boards/transformer.cpp,Copyright (C) 2009 CaH4e3,GPLv2+
src/boards/unrom512.cpp,"Copyright (C) 2014 CaitSith2, 2022 Cluster",GPLv2+
src/boards/vrc1.cpp,Copyright (C) 2012 CaH4e3,GPLv2+
src/boards/vrc2and4.cpp,Copyright (C) 2007 CaH4e3,GPLv2+
src/boards/vrc2and4_carts.h,,Unknown/None
src/boards/vrc3.cpp,Copyright (C) 2012 CaH4e3,GPLv2+
src/boards/vrc5.cpp,Copyright (C) 2005-2019 CaH4e3,GPLv2+
src/boards/vrc6.cpp,Copyright (C) 2009 CaH4e3,GPLv2+
src/boards/vrc6_cart.h,,Unknown/None
src/boards/vrc7.cpp,Copyright (C) 2012 CaH4e3,GPLv2+
src/boards/vrc7p.cpp,Copyright (C) 2009 CaH4e3,GPLv2+
src/boards/yoko.cpp,Copyright (C) 2006 CaH4e3,GPLv2+
src/bus.cpp,,Unknown/None
src/bus.h,,Unknown/None
src/cart.cpp,Copyright (C) 2002 Xodnizel,GPLv2+
src/cart.h,,Unknown/None
src/cart_class.cpp,,Unknown/None
src/cart_class.h,,Unknown/None
src/cheat.cpp,Copyright (C) 2002 Xodnizel,GPLv2+
src/cheat.h,,Unknown/None
src/compiler_attrs.h,,Unknown/None
src/conddebug.cpp,Copyright (C) 2005 Sebastian Porst,GPLv2+
src/conddebug.h,Copyright (C) 2005 Sebastian Porst,GPLv2+
src/config.cpp,,Unknown/None
src/core_api.h,Copyright (C) 2001 Aaron Oneal; Copyright (C) 2002 Xodnizel,GPLv2+
src/core_state.cpp,,Unknown/None
src/core_state.h,,Unknown/None
src/cpu.cpp,,Unknown/None
src/cpu.h,,Unknown/None
src/debug.cpp,,Unknown/None
src/debug.h,,Unknown/None
src/debugsymboltable.cpp,,Unknown/None
src/debugsymboltable.h,,Unknown/None
src/diag_api.h,Copyright (C) 2001 Aaron Oneal; Copyright (C) 2002 Xodnizel,GPLv2+
src/drawing.cpp,,Unknown/None
src/drawing.h,,Unknown/None
src/driver.h,Copyright (C) 2001 Aaron Oneal; Copyright (C) 2002 Xodnizel,GPLv2+
src/driver_callbacks.cpp,,Unknown/None
src/driver_callbacks.h,,Unknown/None
src/drivers/Qt/AboutWindow.cpp,Copyright (C) 2020 mjbudd77,GPLv2+
src/drivers/Qt/AboutWindow.h,,Unknown/None
src/drivers/Qt/AviAudioCodec.cpp,,Unknown/None
src/drivers/Qt/AviAudioCodec.h,,Unknown/None
src/drivers/Qt/AviOptionsDialog.cpp,Copyright (C) 2020 mjbudd77,GPLv2+
src/drivers/Qt/AviOptionsDialog.h,,Unknown/None
src/drivers/Qt/AviRecord.cpp,Copyright (C) 2020 mjbudd77,GPLv2+
src/drivers/Qt/AviRecord.h,,Unknown/None
src/drivers/Qt/AviRecordContext.h,,Unknown/None
src/drivers/Qt/AviRecordDiskThread.cpp,,Unknown/None
src/drivers/Qt/AviRiffViewer.cpp,Copyright (C) 2020 mjbudd77,GPLv2+
src/drivers/Qt/AviRiffViewer.h,,Unknown/None
src/drivers/Qt/AviVideoCodec.cpp,,Unknown/None
src/drivers/Qt/AviVideoCodec.h,,Unknown/None
src/drivers/Qt/CheatsConf.cpp,Copyright (C) 2020 mjbudd77,GPLv2+
src/drivers/Qt/CheatsConf.h,,Unknown/None
src/drivers/Qt/CodeDataLogger.cpp,Copyright (C) 2020 mjbudd77,GPLv2+
src/drivers/Qt/CodeDataLogger.h,,Unknown/None
src/drivers/Qt/ColorMenu.cpp,Copyright (C) 2020 mjbudd77,GPLv2+
src/drivers/Qt/ColorMenu.h,,Unknown/None
src/drivers/Qt/ConfigStore.h,,Unknown/None
src/drivers/Qt/ConsoleActions.cpp,Copyright (C) 2020 mjbudd77,GPLv2+
src/drivers/Qt/ConsoleActions.h,,Unknown/None
src/drivers/Qt/ConsoleCursor.cpp,,Unknown/None
src/drivers/Qt/ConsoleDebugWindows.cpp,Copyright (C) 2020 mjbudd77,GPLv2+
src/drivers/Qt/ConsoleDebugWindows.h,,Unknown/None
src/drivers/Qt/ConsoleDebugger.cpp,Copyright (C) 2020 mjbudd77,GPLv2+
src/drivers/Qt/ConsoleDebugger.h,,Unknown/None
src/drivers/Qt/ConsoleEmuControl.cpp,Copyright (C) 2020 mjbudd77,GPLv2+
src/drivers/Qt/ConsoleEmuControl.h,,Unknown/None
src/drivers/Qt/ConsoleEmulatorThread.cpp,,Unknown/None
src/drivers/Qt/ConsoleFile.cpp,Copyright (C) 2020 mjbudd77,GPLv2+
src/drivers/Qt/ConsoleFile.h,,Unknown/None
src/drivers/Qt/ConsoleHotKeys.cpp,,Unknown/None
src/drivers/Qt/ConsoleMenu.cpp,Copyright (C) 2020 mjbudd77,GPLv2+
src/drivers/Qt/ConsoleMenu.h,,Unknown/None
src/drivers/Qt/ConsoleMenuBar.cpp,,Unknown/None
src/drivers/Qt/ConsoleRecentRom.cpp,Copyright (C) 2020 mjbudd77,GPLv2+
src/drivers/Qt/ConsoleRecentRom.h,,Unknown/None
src/drivers/Qt/ConsoleRecording.cpp,Copyright (C) 2020 mjbudd77,GPLv2+
src/drivers/Qt/ConsoleRecording.h,,Unknown/None
src/drivers/Qt/ConsoleSoundConf.cpp,Copyright (C) 2020 mjbudd77,GPLv2+
src/drivers/Qt/ConsoleSoundConf.h,,Unknown/None
src/drivers/Qt/ConsoleTranslation.cpp,Copyright (C) 2020 mjbudd77,GPLv2+
src/drivers/Qt/ConsoleTranslation.h,,Unknown/None
src/drivers/Qt/ConsoleUtilities.cpp,Copyright (C) 2020 mjbudd77,GPLv2+
src/drivers/Qt/ConsoleUtilities.h,,Unknown/None
src/drivers/Qt/ConsoleVideo.cpp,Copyright (C) 2020 mjbudd77,GPLv2+
src/drivers/Qt/ConsoleVideo.h,,Unknown/None
src/drivers/Qt/ConsoleVideoConf.cpp,Copyright (C) 2020 mjbudd77,GPLv2+
src/drivers/Qt/ConsoleVideoConf.h,,Unknown/None
src/drivers/Qt/ConsoleVideoSetup.cpp,,Unknown/None
src/drivers/Qt/ConsoleViewerGL.cpp,Copyright (C) 2020 mjbudd77,GPLv2+
src/drivers/Qt/ConsoleViewerGL.h,,Unknown/None
src/drivers/Qt/ConsoleViewerInterface.cpp,,Unknown/None
src/drivers/Qt/ConsoleViewerInterface.h,,Unknown/None
src/drivers/Qt/ConsoleViewerQWidget.cpp,Copyright (C) 2020 mjbudd77,GPLv2+
src/drivers/Qt/ConsoleViewerQWidget.h,,Unknown/None
src/drivers/Qt/ConsoleViewerSDL.cpp,Copyright (C) 2020 mjbudd77,GPLv2+
src/drivers/Qt/ConsoleViewerSDL.h,,Unknown/None
src/drivers/Qt/ConsoleWindow.cpp,Copyright (C) 2020 mjbudd77,GPLv2+
src/drivers/Qt/ConsoleWindow.h,,Unknown/None
src/drivers/Qt/ConsoleWindowContext.h,,Unknown/None
src/drivers/Qt/FamilyKeyboard.cpp,Copyright (C) 2020 mjbudd77,GPLv2+
src/drivers/Qt/FamilyKeyboard.h,,Unknown/None
src/drivers/Qt/FrameTimingStats.cpp,Copyright (C) 2020 mjbudd77,GPLv2+
src/drivers/Qt/FrameTimingStats.h,,Unknown/None
src/drivers/Qt/GameGenie.cpp,Copyright (C) 2020 mjbudd77,GPLv2+
src/drivers/Qt/GameGenie.h,,Unknown/None
src/drivers/Qt/GamePadConf.cpp,Copyright (C) 2020 mjbudd77,GPLv2+
src/drivers/Qt/GamePadConf.h,,Unknown/None
src/drivers/Qt/GuiConf.cpp,Copyright (C) 2020 mjbudd77,GPLv2+
src/drivers/Qt/GuiConf.h,,Unknown/None
src/drivers/Qt/HelpPages.cpp,Copyright (C) 2020 mjbudd77,GPLv2+
src/drivers/Qt/HelpPages.h,,Unknown/None
src/drivers/Qt/HexEditor.cpp,Copyright (C) 2020 mjbudd77,GPLv2+
src/drivers/Qt/HexEditor.h,,Unknown/None
src/drivers/Qt/HotKeyConf.cpp,Copyright (C) 2020 mjbudd77,GPLv2+
src/drivers/Qt/HotKeyConf.h,,Unknown/None
src/drivers/Qt/InputConf.cpp,Copyright (C) 2020 mjbudd77,GPLv2+
src/drivers/Qt/InputConf.h,,Unknown/None
src/drivers/Qt/LuaControl.cpp,Copyright (C) 2020 mjbudd77,GPLv2+
src/drivers/Qt/LuaControl.h,,Unknown/None
src/drivers/Qt/MenuCatalog.h,,Unknown/None
src/drivers/Qt/MovieOptions.cpp,Copyright (C) 2020 mjbudd77,GPLv2+
src/drivers/Qt/MovieOptions.h,,Unknown/None
src/drivers/Qt/MoviePlay.cpp,Copyright (C) 2020 mjbudd77,GPLv2+
src/drivers/Qt/MoviePlay.h,,Unknown/None
src/drivers/Qt/MovieRecord.cpp,Copyright (C) 2020 mjbudd77,GPLv2+
src/drivers/Qt/MovieRecord.h,,Unknown/None
src/drivers/Qt/MsgLogViewer.cpp,Copyright (C) 2020 mjbudd77,GPLv2+
src/drivers/Qt/MsgLogViewer.h,,Unknown/None
src/drivers/Qt/NameTableViewer.cpp,Copyright (C) 2020 mjbudd77,GPLv2+
src/drivers/Qt/NameTableViewer.h,,Unknown/None
src/drivers/Qt/PaletteConf.cpp,Copyright (C) 2020 mjbudd77,GPLv2+
src/drivers/Qt/PaletteConf.h,,Unknown/None
src/drivers/Qt/PaletteEditor.cpp,Copyright (C) 2020 mjbudd77,GPLv2+
src/drivers/Qt/PaletteEditor.h,,Unknown/None
src/drivers/Qt/QtNetplay.cpp,Copyright (C) 2002 Xodnizel,GPLv2+
src/drivers/Qt/RamSearch.cpp,Copyright (C) 2020 mjbudd77,GPLv2+
src/drivers/Qt/RamSearch.h,,Unknown/None
src/drivers/Qt/RamWatch.cpp,Copyright (C) 2020 mjbudd77,GPLv2+
src/drivers/Qt/RamWatch.h,,Unknown/None
src/drivers/Qt/SplashScreen.cpp,Copyright (C) 2020 mjbudd77,GPLv2+
src/drivers/Qt/SplashScreen.h,,Unknown/None
src/drivers/Qt/StateRecorderConf.cpp,Copyright (C) 2022 thor2016,GPLv2+
src/drivers/Qt/StateRecorderConf.h,,Unknown/None
src/drivers/Qt/SymbolicDebug.cpp,Copyright (C) 2020 mjbudd77,GPLv2+
src/drivers/Qt/SymbolicDebug.h,,Unknown/None
src/drivers/Qt/TasEditor/TasColors.h,,Unknown/None
src/drivers/Qt/TasEditor/TasEditorContext.h,,Unknown/None
src/drivers/Qt/TasEditor/TasEditorTimeline.cpp,Copyright (C) 2021 mjbudd77,GPLv2+
src/drivers/Qt/TasEditor/TasEditorTimeline.h,,Unknown/None
src/drivers/Qt/TasEditor/TasEditorWindow.cpp,Copyright (C) 2021 mjbudd77,GPLv2+
src/drivers/Qt/TasEditor/TasEditorWindow.h,,Unknown/None
src/drivers/Qt/TasEditor/TasFindNoteWindow.cpp,,Unknown/None
src/drivers/Qt/TasEditor/TasFindNoteWindow.h,,Unknown/None
src/drivers/Qt/TasEditor/bookmark.cpp,,Unknown/None
src/drivers/Qt/TasEditor/bookmark.h,,Unknown/None
src/drivers/Qt/TasEditor/bookmarkPreviewPopup.cpp,,Unknown/None
src/drivers/Qt/TasEditor/bookmarkPreviewPopup.h,,Unknown/None
src/drivers/Qt/TasEditor/bookmarks.cpp,,Unknown/None
src/drivers/Qt/TasEditor/bookmarks.h,,Unknown/None
src/drivers/Qt/TasEditor/branches.cpp,,Unknown/None
src/drivers/Qt/TasEditor/branches.h,,Unknown/None
src/drivers/Qt/TasEditor/greenzone.cpp,,Unknown/None
src/drivers/Qt/TasEditor/greenzone.h,,Unknown/None
src/drivers/Qt/TasEditor/history.cpp,,Unknown/None
src/drivers/Qt/TasEditor/history.h,,Unknown/None
src/drivers/Qt/TasEditor/inputlog.cpp,,Unknown/None
src/drivers/Qt/TasEditor/inputlog.h,,Unknown/None
src/drivers/Qt/TasEditor/laglog.cpp,,Unknown/None
src/drivers/Qt/TasEditor/laglog.h,,Unknown/None
src/drivers/Qt/TasEditor/markerDragPopup.cpp,,Unknown/None
src/drivers/Qt/TasEditor/markerDragPopup.h,,Unknown/None
src/drivers/Qt/TasEditor/markers.cpp,,Unknown/None
src/drivers/Qt/TasEditor/markers.h,,Unknown/None
src/drivers/Qt/TasEditor/markers_manager.cpp,,Unknown/None
src/drivers/Qt/TasEditor/markers_manager.h,,Unknown/None
src/drivers/Qt/TasEditor/playback.cpp,,Unknown/None
src/drivers/Qt/TasEditor/playback.h,,Unknown/None
src/drivers/Qt/TasEditor/recorder.cpp,,Unknown/None
src/drivers/Qt/TasEditor/recorder.h,,Unknown/None
src/drivers/Qt/TasEditor/selection.cpp,,Unknown/None
src/drivers/Qt/TasEditor/selection.h,,Unknown/None
src/drivers/Qt/TasEditor/snapshot.cpp,,Unknown/None
src/drivers/Qt/TasEditor/snapshot.h,,Unknown/None
src/drivers/Qt/TasEditor/splicer.cpp,,Unknown/None
src/drivers/Qt/TasEditor/splicer.h,,Unknown/None
src/drivers/Qt/TasEditor/taseditor_config.cpp,,Unknown/None
src/drivers/Qt/TasEditor/taseditor_config.h,,Unknown/None
src/drivers/Qt/TasEditor/taseditor_lua.cpp,,Unknown/None
src/drivers/Qt/TasEditor/taseditor_lua.h,,Unknown/None
src/drivers/Qt/TasEditor/taseditor_project.cpp,,Unknown/None
src/drivers/Qt/TasEditor/taseditor_project.h,,Unknown/None
src/drivers/Qt/TimingConf.cpp,Copyright (C) 2020 mjbudd77,GPLv2+
src/drivers/Qt/TimingConf.h,,Unknown/None
src/drivers/Qt/TraceLogger.cpp,Copyright (C) 2020 mjbudd77,GPLv2+
src/drivers/Qt/TraceLogger.h,,Unknown/None
src/drivers/Qt/avi/avi-utils.cpp,,Unknown/None
src/drivers/Qt/avi/fileio.cpp,,Unknown/None
src/drivers/Qt/avi/gwavi.cpp,,Unknown/None
src/drivers/Qt/avi/gwavi.h,,Unknown/None
src/drivers/Qt/config.cpp,Copyright (C) 2020 mjbudd77,GPLv2+
src/drivers/Qt/config.h,,Unknown/None
src/drivers/Qt/dface.h,,Unknown/None
src/drivers/Qt/fceuWrapper.cpp,Copyright (C) 2020 mjbudd77,GPLv2+
src/drivers/Qt/fceuWrapper.h,,Unknown/None
src/drivers/Qt/fceu_archive.cpp,Copyright (C) 2002 Xodnizel,GPLv2+
src/drivers/Qt/fceu_callbacks.cpp,,Unknown/None
src/drivers/Qt/fceu_globals.cpp,Copyright (C) 2002 Xodnizel,GPLv2+
src/drivers/Qt/fceux_git_info.h,,Unknown/None
src/drivers/Qt/iNesHeaderEditor.cpp,Copyright (C) 2020 mjbudd77,GPLv2+
src/drivers/Qt/iNesHeaderEditor.h,,Unknown/None
src/drivers/Qt/input.cpp,Copyright (C) 2002 Xodnizel,GPLv2+
src/drivers/Qt/input.h,,Unknown/None
src/drivers/Qt/input/input_backend.h,,Unknown/None
src/drivers/Qt/input/input_device.h,,Unknown/None
src/drivers/Qt/input/input_manager.cpp,,Unknown/None
src/drivers/Qt/input/input_manager.h,,Unknown/None
src/drivers/Qt/input/sdl_backend.cpp,,Unknown/None
src/drivers/Qt/input/sdl_backend.h,,Unknown/None
src/drivers/Qt/input/wgi_backend.cpp,,Unknown/None
src/drivers/Qt/input/wgi_backend.h,,Unknown/None
src/drivers/Qt/input/xinput_backend.cpp,,Unknown/None
src/drivers/Qt/input/xinput_backend.h,,Unknown/None
src/drivers/Qt/keyscan.cpp,Copyright (C) 2020 mjbudd77,GPLv2+
src/drivers/Qt/keyscan.h,,Unknown/None
src/drivers/Qt/main.cpp,Copyright (C) 2020 mjbudd77,GPLv2+
src/drivers/Qt/main.h,Copyright (C) 2002 Xodnizel,GPLv2+
src/drivers/Qt/ppuViewer.cpp,Copyright (C) 2020 mjbudd77,GPLv2+
src/drivers/Qt/ppuViewer.h,,Unknown/None
src/drivers/Qt/ppuViewerContext.cpp,,Unknown/None
src/drivers/Qt/ppuViewerContext.h,,Unknown/None
src/drivers/Qt/ppuViewerPalette.cpp,,Unknown/None
src/drivers/Qt/ppuViewerPalette.h,,Unknown/None
src/drivers/Qt/ppuViewerPatternTables.cpp,,Unknown/None
src/drivers/Qt/ppuViewerPatternTables.h,,Unknown/None
src/drivers/Qt/ppuViewerSpriteViewer.cpp,,Unknown/None
src/drivers/Qt/ppuViewerSpriteViewer.h,,Unknown/None
src/drivers/Qt/ppuViewerTileEditor.cpp,,Unknown/None
src/drivers/Qt/ppuViewerTileEditor.h,,Unknown/None
src/drivers/Qt/sdl-joystick.cpp,Copyright (C) 2002 Xodnizel; Copyright (C) 2002 Paul Kuliniewicz,GPLv2+
src/drivers/Qt/sdl-joystick.h,,Unknown/None
src/drivers/Qt/sdl-sound.cpp,Copyright (C) 2002 Xodnizel,GPLv2+
src/drivers/Qt/sdl-throttle.cpp,Copyright (C) 2020 mjbudd77,GPLv2+
src/drivers/Qt/sdl-video.cpp,Copyright (C) 2002 Xodnizel,GPLv2+
src/drivers/Qt/sdl-video.h,,Unknown/None
src/drivers/Qt/sdl.h,,Unknown/None
src/drivers/Qt/throttle.h,,Unknown/None
src/drivers/common/args.cpp,Copyright (C) 2002 Xodnizel,GPLv2+
src/drivers/common/args.h,,Unknown/None
src/drivers/common/cheat.cpp,Copyright (C) 2002 Xodnizel,GPLv2+
src/drivers/common/cheat.h,Copyright (C) 2002 Xodnizel,GPLv2+
src/drivers/common/config.cpp,Copyright (C) 2002 Xodnizel,GPLv2+
src/drivers/common/config.h,,Unknown/None
src/drivers/common/configSys.cpp,,Unknown/None
src/drivers/common/configSys.h,,Unknown/None
src/drivers/common/hq2x.cpp,Copyright (C) 2003 MaxSt ( maxst@hiend3d.com ),Unknown/None
src/drivers/common/hq2x.h,,Unknown/None
src/drivers/common/hq3x.cpp,Copyright (C) 2003 MaxSt ( maxst@hiend3d.com ),Unknown/None
src/drivers/common/hq3x.h,,Unknown/None
src/drivers/common/nes_ntsc.c,Copyright (C) 2006-2007 Shay Green. This module is free software; you,Unknown/None
src/drivers/common/nes_ntsc.h,,Unknown/None
src/drivers/common/nes_ntsc_config.h,,Unknown/None
src/drivers/common/nes_ntsc_impl.h,Copyright (C) 2006 Shay Green. This module is free software; you,Unknown/None
src/drivers/common/nes_shm.cpp,Copyright (C) 2020 mjbudd77,GPLv2+
src/drivers/common/nes_shm.h,,Unknown/None
src/drivers/common/os_utils.cpp,,Unknown/None
src/drivers/common/os_utils.h,,Unknown/None
src/drivers/common/scale2x.cpp,"Copyright (C) 2001, 2002, 2003, 2004 Andrea Mazzoleni",GPLv2+
src/drivers/common/scale2x.h,"Copyright (C) 2001, 2002, 2003, 2004 Andrea Mazzoleni",GPLv2+
src/drivers/common/scale3x.cpp,"Copyright (C) 2001, 2002, 2003, 2004 Andrea Mazzoleni",GPLv2+
src/drivers/common/scale3x.h,"Copyright (C) 2001, 2002, 2003, 2004 Andrea Mazzoleni",GPLv2+
src/drivers/common/scalebit.cpp,Copyright (C) 2003 Andrea Mazzoleni,GPLv2+
src/drivers/common/scalebit.h,Copyright (C) 2003 Andrea Mazzoleni,GPLv2+
src/drivers/common/vidblit.cpp,Copyright (C) 2002 Xodnizel,GPLv2+
src/drivers/common/vidblit.h,Copyright (C) 2002 Xodnizel,GPLv2+
src/drivers/null/null_driver.cpp,,Unknown/None
src/drivers/null/null_driver.h,,Unknown/None
src/emufile.cpp,,Unknown/None
src/emufile.h,Copyright (C) 2009-2010 DeSmuME team,Unknown/None
src/emufile_types.h,,Unknown/None
src/expansion_audio.cpp,,Unknown/None
src/expansion_audio.h,,Unknown/None
src/f11qa_bridge.cpp,,Unknown/None
src/f11qa_bridge.h,,Unknown/None
src/fceu.cpp,Copyright (C) 2003 Xodnizel,GPLv2+
src/fceu.h,,Unknown/None
src/fceu11_core_types.h,,Unknown/None
src/fceulua.h,,Unknown/None
src/fds.cpp,Copyright (C) 2002 Xodnizel,GPLv2+
src/fds.h,,Unknown/None
src/fds_sound.cpp,,Unknown/None
src/file.cpp,Copyright (C) 2002 Xodnizel,GPLv2+
src/file.h,,Unknown/None
src/filter.cpp,,Unknown/None
src/filter.h,,Unknown/None
src/gba_load.cpp,,Unknown/None
src/gba_load.h,,Unknown/None
src/git.h,,Unknown/None
src/ines-bad.h,,Unknown/None
src/ines-correct.h,,Unknown/None
src/ines.cpp,,Unknown/None
src/ines.h,Copyright (C) 1998 Bero; Copyright (C) 2002 Xodnizel,GPLv2+
src/ines_bmap.h,,Unknown/None
src/ines_gi.cpp,,Unknown/None
src/ines_init.cpp,,Unknown/None
src/ines_load.cpp,,Unknown/None
src/ines_save.cpp,,Unknown/None
src/input.cpp,Copyright (C) 1998 BERO; Copyright (C) 2002 Xodnizel,GPLv2+
src/input.h,,Unknown/None
src/input/arkanoid.cpp,Copyright (C) 2002 Xodnizel,GPLv2+
src/input/bworld.cpp,Copyright (C) 2003 Xodnizel,GPLv2+
src/input/cursor.cpp,,Unknown/None
src/input/fkb.cpp,Copyright (C) 2002 Xodnizel,GPLv2+
src/input/fkb.h,,Unknown/None
src/input/fns.cpp,Copyright (C) 2019 CaH4e3,GPLv2+
src/input/ftrainer.cpp,Copyright (C) 2003 Xodnizel,GPLv2+
src/input/hypershot.cpp,Copyright (C) 2003 Xodnizel,GPLv2+
src/input/lcdcompzapper.cpp,,GPLv2+
src/input/mahjong.cpp,Copyright (C) 2003 Xodnizel,GPLv2+
src/input/mouse.cpp,Copyright (C) 2002 Xodnizel,GPLv2+
src/input/oekakids.cpp,Copyright (C) 2003 Xodnizel,GPLv2+
src/input/pec586kb.cpp,Copyright (C) 2002 Xodnizel,GPLv2+
src/input/powerpad.cpp,Copyright (C) 2002 Xodnizel,GPLv2+
src/input/quiz.cpp,Copyright (C) 2003 Xodnizel,GPLv2+
src/input/shadow.cpp,Copyright (C) 2002 Xodnizel,GPLv2+
src/input/share.h,,Unknown/None
src/input/snesmouse.cpp,Copyright (C) 2002 Xodnizel,GPLv2+
src/input/suborkb.cpp,Copyright (C) 2002 Xodnizel,GPLv2+
src/input/suborkb.h,,Unknown/None
src/input/toprider.cpp,Copyright (C) 2003 Xodnizel,GPLv2+
src/input/virtualboy.cpp,,GPLv2+
src/input/zapper.cpp,Copyright (C) 2002 Xodnizel,GPLv2+
src/input/zapper.h,,Unknown/None
src/io_api.h,Copyright (C) 2001 Aaron Oneal; Copyright (C) 2002 Xodnizel,GPLv2+
src/lua-engine.cpp,,Unknown/None
src/movie.cpp,,Unknown/None
src/movie.h,,Unknown/None
src/movie_fm2.cpp,Copyright (C) 1998 BERO; Copyright (C) 2003 Xodnizel,GPLv2+
src/movie_fm2.h,,Unknown/None
src/movie_io.cpp,,Unknown/None
src/movie_playback.cpp,Copyright (C) 1998 BERO; Copyright (C) 2003 Xodnizel,GPLv2+
src/movie_playback.h,,Unknown/None
src/movie_record.cpp,Copyright (C) 1998 BERO; Copyright (C) 2003 Xodnizel,GPLv2+
src/movie_record.h,,Unknown/None
src/movie_settings.cpp,,Unknown/None
src/movie_subtitles.cpp,,Unknown/None
src/movie_taseditor_bridge.cpp,,Unknown/None
src/net_api.h,Copyright (C) 2001 Aaron Oneal; Copyright (C) 2002 Xodnizel,GPLv2+
src/netplay.cpp,Copyright (C) 2002 Xodnizel,GPLv2+
src/netplay.h,,Unknown/None
src/nsf.cpp,Copyright (C) 2002 Xodnizel,GPLv2+
src/nsf.h,Copyright (C) 2002 Xodnizel,GPLv2+
src/nsf_load.cpp,,Unknown/None
src/nsf_runtime.cpp,,Unknown/None
src/nsf_ui.cpp,,Unknown/None
src/oldmovie.cpp,,Unknown/None
src/oldmovie.h,,Unknown/None
src/palette.cpp,"Copyright (C) 2002,2003 Xodnizel",GPLv2+
src/palette.h,,Unknown/None
src/palettes/conv.c,,Unknown/None
src/palettes/palettes.h,,Unknown/None
src/palettes/rp2c04001.h,,Unknown/None
src/palettes/rp2c04002.h,,Unknown/None
src/palettes/rp2c04003.h,,Unknown/None
src/palettes/rp2c05004.h,,Unknown/None
src/platform/win11/DirectStorageProbe.cpp,,Unknown/None
src/platform/win11/DirectStorageProbe.h,,Unknown/None
src/platform/win11/TaskbarProgress.cpp,,Unknown/None
src/platform/win11/TaskbarProgress.h,,Unknown/None
src/ppu.cpp,Copyright (C) 1998 BERO; Copyright (C) 2003 Xodnizel,GPLv2+
src/ppu.h,,Unknown/None
src/ppu_class.cpp,,Unknown/None
src/ppu_class.h,,Unknown/None
src/ppu_core.cpp,Copyright (C) 1998 BERO; Copyright (C) 2003 Xodnizel,GPLv2+
src/ppu_core.h,,Unknown/None
src/ppu_rendering.cpp,Copyright (C) 1998 BERO; Copyright (C) 2003 Xodnizel,GPLv2+
src/ppu_rendering.h,,Unknown/None
src/ppu_sprite_lut.cpp,,Unknown/None
src/ppu_sprite_lut.h,,Unknown/None
src/ppu_state.cpp,Copyright (C) 1998 BERO; Copyright (C) 2003 Xodnizel,GPLv2+
src/ppu_state.h,,Unknown/None
src/pputile_template.cpp,,Unknown/None
src/pputile_template.h,,Unknown/None
src/profiler.cpp,Copyright (C) 2002 Xodnizel,GPLv2+
src/profiler.h,Copyright (C) 2002 Xodnizel,GPLv2+
src/rust/fceux11_rust.h,,Unknown/None
src/sound.cpp,Copyright (C) 2002 Xodnizel,GPLv2+
src/sound.h,Copyright (C) 2002 Xodnizel,GPLv2+
src/state.cpp,Copyright (C) 2002 Xodnizel,GPLv2+
src/state.h,Copyright (C) 2002 Xodnizel,GPLv2+
src/tests/boards/mapper_load_test.cpp,,Unknown/None
src/tests/boards/mapper_reset_test.cpp,,Unknown/None
src/tests/git_info_stub.cpp,,Unknown/None
src/tests/rom_regression_test.cpp,,Unknown/None
src/tests/smoke_test.cpp,,Unknown/None
src/types.h,Copyright (C) 2001 Aaron Oneal; Copyright (C) 2002 Xodnizel,GPLv2+
src/unif.cpp,,Unknown/None
src/unif.h,Copyright (C) 2002 Xodnizel,GPLv2+
src/unif_bmap.h,,Unknown/None
src/unif_load.cpp,,Unknown/None
src/utils/ConvertUTF.c,,Unknown/None
src/utils/ConvertUTF.h,,Unknown/None
src/utils/backward.cpp,,Unknown/None
src/utils/cache.h,,Unknown/None
src/utils/crc32.cpp,Copyright (C) 2002 Xodnizel,GPLv2+
src/utils/crc32.h,,Unknown/None
src/utils/endian.cpp,Copyright (C) 2002 Xodnizel,GPLv2+
src/utils/endian.h,,Unknown/None
src/utils/enum_class_bitflags.h,,Unknown/None
src/utils/fceu11_expected.cpp,,Unknown/None
src/utils/fceu11_expected.h,,Unknown/None
src/utils/fceu11_format.h,,Unknown/None
src/utils/format.h,,Unknown/None
src/utils/general.cpp,Copyright (C) 2002 Xodnizel,GPLv2+
src/utils/general.h,,Unknown/None
src/utils/guid.cpp,,Unknown/None
src/utils/guid.h,,Unknown/None
src/utils/ioapi.cpp,Copyright (C) 1998-2010 Gilles Vollant (minizip) ( http://www.winimage.com/zLibDll/minizip.html ); Copyright (C) 2009-2010 Mathias Svensson ( http://result42.com ),Unknown/None
src/utils/ioapi.h,Copyright (C) 1998-2010 Gilles Vollant (minizip) ( http://www.winimage.com/zLibDll/minizip.html ); Copyright (C) 2009-2010 Mathias Svensson ( http://result42.com ),Unknown/None
src/utils/md5.cpp,,Unknown/None
src/utils/md5.h,,Unknown/None
src/utils/memory.cpp,Copyright (C) 2002 Xodnizel,GPLv2+
src/utils/memory.h,Copyright (C) 2002 Xodnizel,GPLv2+
src/utils/mutex.cpp,,Unknown/None
src/utils/mutex.h,,Unknown/None
src/utils/platform_compat.h,,Unknown/None
src/utils/safe_string.h,,Unknown/None
src/utils/simd_fill.h,,Unknown/None
src/utils/timeStamp.cpp,,Unknown/None
src/utils/timeStamp.h,,Unknown/None
src/utils/unzip.cpp,"Copyright (C) 1998-2010 Gilles Vollant (minizip) ( http://www.winimage.com/zLibDll/minizip.html ); Copyright (C) 2007-2008 Even Rouault; Copyright (C) 2009-2010 Mathias Svensson ( http://result42.com ); Copyright (C) 1998 - 2010 Gilles Vollant, Even Rouault, Mathias Svensson",Unknown/None
src/utils/unzip.h,Copyright (C) 1998-2010 Gilles Vollant (minizip) ( http://www.winimage.com/zLibDll/minizip.html ); Copyright (C) 2007-2008 Even Rouault; Copyright (C) 2009-2010 Mathias Svensson ( http://result42.com ),Unknown/None
src/utils/valuearray.h,,Unknown/None
src/utils/xstring.cpp,Copyright (C) 2004 Jason Oster (Parasyte),GPLv2+
src/utils/xstring.h,Copyright (C) 2004 Jason Oster (Parasyte),GPLv2+
src/version.h,Copyright (C) 2001 Aaron Oneal; Copyright (C) 2002 Xodnizel; Copyright (C) 2026 FCEUX11 Contributors,GPLv2+
src/video.cpp,Copyright (C) 2002 Xodnizel,GPLv2+
src/video.h,,Unknown/None
src/vsuni.cpp,,Unknown/None
src/vsuni.h,,Unknown/None
src/wave.cpp,,Unknown/None
src/wave.h,,Unknown/None
src/x6502.cpp,Copyright (C) 2002 Xodnizel,GPLv2+
src/x6502.h,Copyright (C) 2002 Xodnizel,GPLv2+
src/x6502abbrev.h,,Unknown/None
src/x6502struct.h,,Unknown/None
